wineid,111495,171438,193485
100001,-0.141446634,-0.037650048,0.030318519
100002,-0.034085681,-0.016992303,-0.011705968
100003,0.893517068,0.104817463,-0.193533808
100005,0.561095217,0.00899592,-0.226778963
100007,-0.099318987,-0.028218229,0.02065851
100008,0.88987071,0.098420938,-0.199373136
100010,0.175135726,0.114019782,-0.126281519
100012,-0.085961331,-0.068236046,0.039763194
100013,-0.11760209,-0.095974609,-0.043675523
100014,-0.11760209,-0.095974609,-0.043675523
100016,0.08680954,0.024530802,-0.0884295
100017,-0.102420321,-0.045284391,-0.019731442
100018,0.892832055,0.100755598,-0.197807431
100019,0.005201561,-0.009603927,-0.067723267
100021,0.0379476,0.014936211,-0.081382013
100022,-0.248822497,-0.068250349,0.040688447
100025,-0.267907671,-0.096117074,0.020411105
100046,0.525479139,0.159845468,-0.18158205
100049,0.762145972,0.122562619,-0.206026636
100052,-0.063026373,-0.024376452,-0.060513242
100055,0.892832055,0.100755598,-0.197807431
100056,-0.122821238,-0.039478607,0.01821521
100060,-0.066991421,-0.046409699,-0.048281387
100061,-0.143303959,-0.038926653,0.029656457
100062,-0.024949208,-0.024661252,-0.033631152
100063,-0.07431641,-0.116478862,-0.088368827
100064,-0.275875519,-0.076005303,0.037797526
100067,-0.294155912,0.158683772,0.023219514
100073,-0.141446634,-0.037650048,0.030318519
100080,0.583885284,0.20606005,-0.202334481
100086,-0.211141548,-0.090078081,0.048099089
100088,-0.045592894,-0.035637239,0.012271143
100092,-0.296835273,0.157165437,0.021885044
100097,-0.141446634,-0.037650048,0.030318519
100108,-0.112640989,-0.088447861,0.043898287
100114,0.528849473,0.162280519,-0.180425998
100120,0.891285209,0.10652678,-0.190861185
100125,-0.287780335,0.099853156,0.007778191
100129,-0.143595407,0.2318196,-0.088553352
100135,-0.274935533,0.208348931,0.040828902
100191,-0.07884784,-0.036981852,0.015850811
100207,0.159994238,0.048983266,-0.153509737
100305,-0.294155912,0.158683772,0.023219514
100523,-0.294155912,0.158683772,0.023219514
100556,-0.04594213,-0.059301878,0.009176307
100565,-0.047450642,-0.016879378,0.018840771
100841,0.131238569,-0.082431584,-0.074218437
101008,-0.043934946,-0.017072406,0.007549177
101052,-0.256567984,0.072402707,0.001895789
101154,0.069464744,-0.015178399,-0.02616742
101213,0.070033356,-0.014623343,-0.025752772
101563,0.088701744,0.060354042,-0.052381514
101566,0.01290704,0.003751965,-0.043964059
101567,-0.01525366,-0.007828742,-0.011873801
101570,-0.017173124,-0.050212123,-0.064532854
101576,0.033647343,-0.011377586,-0.035634343
101584,0.006736276,-0.041855087,-0.076333546
101586,-0.075361856,-0.035878131,-0.021970479
101592,-0.033585756,-0.053614115,-0.052716108
101595,0.052039954,0.030628339,-0.06304506
101610,-0.113747487,-0.090443477,-0.043022943
101617,-0.014280372,-0.047209973,-0.062752795
101632,-0.088689543,-0.070743715,0.038189065
101635,-0.110456561,-0.08794407,0.062395837
101644,0.127974242,0.020152648,-0.100438046
101651,0.081121358,0.016118763,-0.040796253
101660,-0.140147904,-0.113651076,-0.05464778
101677,-0.034949206,-0.043677995,-0.035376628
101678,0.124021971,0.01682435,-0.102480676
101693,-0.0206253,-0.053372841,-0.066820337
101701,0.004746177,-0.00136067,-0.037741169
101713,0.014320921,0.006443869,-0.035192503
101783,0.015078676,-0.009699692,-0.020814475
101847,-0.128723729,-0.10427857,-0.035164367
101874,0.009413189,-0.039459181,-0.074658739
101970,-7.76E-05,0.023681595,-0.068337453
102051,-0.067506206,-0.053837192,0.023048068
102055,-0.135026294,-0.109458415,-0.039546897
102079,-0.088755527,-0.070602507,0.03395464
102126,0.040999457,0.075401513,-0.089179547
102280,-0.051538411,-0.029468494,0.007273409
102292,-0.100822897,-0.063391084,-0.057576379
102304,-0.088917502,-0.071500501,-0.022559268
102341,-0.097113402,-0.099344244,-0.032957888
102392,-0.167481713,-0.055019304,-0.059174423
102448,-0.132014934,-0.107306976,-0.050190954
102466,0.110751934,0.07239354,-0.082961599
102547,-0.074109481,-0.025289985,0.004588594
102645,-0.080093054,-0.048184071,-0.008820624
102902,-0.01520516,-0.017179689,-0.045676468
102950,-0.017352808,-0.046987837,-0.058889273
103003,-0.043488873,-0.024671908,0.005549892
103070,0.302495306,-0.040091741,-0.160433826
103423,-0.086950289,-0.091599728,-0.029999754
103433,0.083992012,-0.01424463,-0.078147308
103435,-0.015017243,-0.087758236,-0.083569025
103471,-0.131405284,-0.106115947,-0.052321143
103474,0.120730012,0.159226738,-0.115405234
103637,0.127974242,0.020152648,-0.100438046
103667,-0.046959381,-0.021312807,-0.014624839
103923,-0.130932794,-0.104730642,0.088774272
103989,0.024350042,7.50E-05,-0.02241446
104000,-0.04408748,-0.035952735,0.007085401
104005,-0.089190337,-0.043453074,0.021126017
104026,-0.139620971,-0.113556056,-0.053431238
104580,-0.114773609,-0.089401134,0.079979729
104585,-0.062752773,-0.032738518,0.011745299
104616,-0.128562599,-0.102532411,0.090279893
104706,-0.158228084,-0.127816619,0.120343078
104797,-0.134845558,-0.109831371,-0.050670056
104821,-0.131702397,-0.106314224,-0.052342627
104878,-0.131014047,-0.106092788,-0.050314373
104976,-0.164826938,-0.132558052,-0.059745096
105004,-0.135631781,-0.110699784,-0.051569889
105032,-0.19777375,-0.160733942,0.147310215
105141,-0.085976355,-0.095921262,-0.030898719
105364,-0.104625244,-0.116583875,-0.039885822
105488,0.127974242,0.020152648,-0.100438046
105585,0.003568169,-0.012103333,-0.015638446
105599,-0.056909072,-0.058251198,-0.029756874
105656,-0.129576616,-0.103469397,0.08967139
105727,-0.057281667,-0.019614227,-0.017780875
105748,-0.145312465,-0.117218776,-0.040683107
105763,-0.134845558,-0.109831371,-0.050670056
105770,-0.130874483,-0.106012738,-0.05034258
105787,0.098615198,0.011068503,-0.084352504
105911,-0.041278804,-0.033120443,-0.010979655
105969,-0.135259989,-0.110283445,-0.051129315
106004,0.101730533,0.013878672,-0.082385721
106091,0.020622046,-0.003860222,-0.016290948
106468,-0.072977383,-0.057379723,0.019074607
106530,-0.194393248,-0.158872901,0.24450941
106531,-0.208742507,-0.171668937,0.244527282
106534,-0.208742507,-0.171668937,0.244527282
106536,-0.208742507,-0.171668937,0.244527282
106537,-0.211000234,-0.173730337,0.243719273
106540,-0.203572853,-0.167011829,0.24531444
106541,-0.208742507,-0.171668937,0.244527282
106542,-0.206262597,-0.169425826,0.245057932
106544,-0.199129017,0.232376349,0.041016042
106552,-0.183906012,-0.149693822,0.241578075
106553,-0.208742507,-0.171668937,0.244527282
106629,0.18701117,0.206403646,-0.089017187
106635,0.188585631,0.207879444,-0.087982514
106639,-0.208172641,0.388279189,-0.149646899
106668,0.400073866,0.816711786,-0.182714847
106669,0.188585631,0.207879444,-0.087982514
106681,-0.108372857,0.49980435,-0.120323589
106688,0.188585631,0.207879444,-0.087982514
106748,0.188585631,0.207879444,-0.087982514
106752,0.190014335,0.209194655,-0.086880389
106803,0.191294459,0.210346764,-0.085713573
106831,0.185294788,0.204770887,-0.089982115
106867,-0.026064364,0.009978424,0.018809951
106889,0.112735028,0.002014138,-0.154666964
107023,-0.200687425,-0.164439218,0.245302649
107030,-0.179526726,-0.145336505,0.138057188
107044,-0.211000234,-0.173730337,0.243719273
107183,-0.162139311,-0.130069512,0.13879003
107214,-0.2183653,-0.056499241,0.082329112
107320,-0.128777011,-0.16398244,0.050764691
107674,-0.208742507,-0.171668937,0.244527282
107691,-0.179526726,-0.145336505,0.138057188
107846,-0.063067024,-0.025894042,0.023534866
108188,-0.211000234,-0.173730337,0.243719273
108242,-0.068256303,-0.032874558,0.0167539
108329,-0.183906012,-0.149693822,0.241578075
108360,-0.211000234,-0.173730337,0.243719273
108681,-0.171289873,-0.138057473,0.138957117
108705,-0.059421671,-0.092533331,0.034704613
108966,-0.203572853,-0.167011829,0.24531444
108974,-0.011976471,0.02470869,-0.015607131
108976,-0.187517095,-0.152843729,0.242768575
109250,-0.213025494,-0.175600884,0.242633453
109349,-0.208742507,-0.171668937,0.244527282
109547,0.19242422,0.211334397,-0.084485255
109705,-0.038756458,-0.004259779,0.005721238
109826,-0.037634904,-0.028238663,0.004750078
109847,-0.206262597,-0.169425826,0.245057932
109954,-0.091176504,0.087404387,-0.172533042
110034,-0.068727613,-0.003764338,0.014738378
110109,-0.193854905,-0.153487691,0.035713381
110334,0.189174784,0.208424965,-0.087549614
110680,-0.165269665,-0.132792992,0.138955606
111328,-0.176903663,-0.143006686,0.138483257
111395,0.341268829,0.007067366,-0.128212863
111398,0.262720929,0.048924906,-0.082775259
111415,0.769570687,0.127588549,-0.203271231
111417,0.334182207,0.001836644,-0.131485708
111420,-0.065062255,0.121791814,-0.058752925
111421,-0.051298856,-0.114528428,-0.105690508
111422,0.770312911,0.1284728,-0.202521234
111429,0.557565485,0.059512196,-0.173002352
111431,0.336920434,0.003579129,-0.13054639
111433,0.554216105,0.056498184,-0.175177067
111434,0.344401033,0.101209561,-0.118843581
111445,0.186232979,0.696762602,0.099738136
111448,-0.284818905,-0.103038852,0.017847884
111454,-0.162871702,-0.028105519,0.003985325
111455,-0.105605596,-0.14127333,-0.017095927
111457,-0.054139754,-0.150675515,-0.152488618
111458,0.505512734,0.155344506,-0.170679544
111461,-0.299421395,0.108273637,0.007242412
111466,-0.200689948,-0.252553828,0.098752877
111468,-0.284818905,-0.103038852,0.017847884
111471,-0.193389996,-0.241801817,0.112473096
111475,0.328848522,0.031562972,-0.207560504
111478,-0.080706496,-0.095676323,0.101990356
111479,-0.281194004,0.145711603,0.021651493
111484,-0.184462223,0.031193583,-0.001998812
111495,1,0.216102949,-0.221908295
111503,-0.044217692,-0.055547142,-0.005817288
111516,0.341410431,0.098615354,-0.120588304
111521,-0.284818905,-0.103038852,0.017847884
111524,0.416328893,0.240959872,-0.158935287
111538,-0.028170976,0.008404332,-0.050804055
111544,-0.284818905,-0.103038852,0.017847884
111558,-0.049827794,-0.11327983,-0.10480719
111587,0.414491033,0.038703296,-0.130517247
111590,0.556801641,0.05867127,-0.173684097
111621,-0.187122061,-0.231142235,0.800535605
111624,-0.182816047,-0.249884681,0.125404102
111641,0.111354374,0.535900127,-0.11390555
111645,0.770957983,0.129719462,-0.201275139
111648,-0.188722886,-0.232675453,0.800092307
111657,-0.073445909,-0.10231629,0.056046171
111667,0.328848522,0.031562972,-0.207560504
111679,-0.062459404,-0.035155459,0.055720003
111687,0.394299969,0.416323558,-0.178145951
111692,-0.06557378,0.121365869,-0.059109251
111713,-0.288144481,-0.318999127,0.060841338
111715,0.186232979,0.696762602,0.099738136
111729,0.344401033,0.101209561,-0.118843581
111740,-0.180437422,-0.247492299,0.126492169
111755,0.199853136,0.054035294,-0.116376517
111763,-0.202820951,-0.254598912,0.097493405
111765,0.580073667,0.350064868,-0.180007839
111773,0.505512734,0.155344506,-0.170679544
111792,-0.035100807,0.122124262,-0.029716693
111803,-0.368099961,-0.159436293,0.125812298
111829,0.395009208,0.228292588,-0.151558731
111834,-0.184134238,-0.25116965,0.124671775
111845,0.159126794,0.192764346,-0.136653537
111872,0.186232979,0.696762602,0.099738136
111907,0.199853136,0.054035294,-0.116376517
111927,-0.183097279,0.032299274,-0.001161413
111932,0.990540278,0.208626723,-0.226714038
111951,0.404958627,0.231157958,-0.164340251
111961,0.240844662,0.01687678,-0.15545449
111967,0.331144659,0.033580162,-0.206174731
111973,0.184220521,0.695482628,0.098319015
111987,0.990540278,0.208626723,-0.226714038
112001,-0.189836741,-0.233718139,0.799387784
112010,0.41020008,0.235308412,-0.16296214
112028,-0.281194004,0.145711603,0.021651493
112039,0.375483789,0.037983386,-0.238158569
112084,-0.302030349,0.10667539,0.005905042
112089,0.995783751,0.211560597,-0.225588556
112094,0.342626491,0.099615322,-0.119967731
112125,0.558420089,0.060741122,-0.171891069
112149,-0.216638529,-0.081585239,0.304455819
112171,-0.187122061,-0.231142235,0.800535605
112185,-0.155297134,-0.182124237,0.014000774
112201,-0.21462574,-0.079896782,0.30513147
112229,0.328848522,0.031562972,-0.207560504
112237,0.128397688,-0.040423991,-0.146620848
112243,0.249693885,-0.007790053,-0.198102786
112247,0.100983579,0.135110887,-0.201014107
112251,-0.201998489,-0.253818632,0.098012206
112255,-0.202820951,-0.254598912,0.097493405
112341,0.556801641,0.05867127,-0.173684097
112353,0.405691069,-0.039249071,-0.204462641
112381,0.593633814,0.18744666,-0.19691112
112454,0.3833974,0.043794307,-0.235204558
112483,0.249057366,0.135109351,-0.121055389
112511,0.380879383,0.041610892,-0.23667672
112526,0.39642436,-0.045231183,-0.207763763
112578,0.214017198,0.999083456,-0.179179467
112582,-0.184462223,0.031193583,-0.001998812
112592,0.195606996,-0.076598267,-0.145735349
112596,0.249693885,-0.007790053,-0.198102786
112616,-0.054139754,-0.150675515,-0.152488618
112641,-0.154239068,-0.124685695,0.080133553
112664,-0.287736819,-0.318615194,0.061103003
112689,0.559070091,0.062697777,-0.169809443
112695,0.244744123,-0.011812849,-0.200599967
112711,-0.190874691,-0.23466746,0.798365047
112716,0.407460703,-0.037115367,-0.202683431
112727,0.200427984,0.012743735,-0.086867297
112732,0.186232979,0.696762602,0.099738136
112756,-0.200689948,-0.252553828,0.098752877
112777,-0.182816047,-0.249884681,0.125404102
112790,-0.077349858,-0.0904951,-0.054422118
112809,0.558420089,0.060741122,-0.171891069
112830,-0.154936409,-0.061338304,-0.054223814
112834,-0.284818905,-0.103038852,0.017847884
112861,-0.190191218,-0.234045007,0.799082161
112862,-0.040544566,-0.009674524,-0.04045689
112872,-0.087285983,-0.01734391,0.0297506
112875,0.047929124,0.800605093,-0.215441061
112879,-0.182816047,-0.249884681,0.125404102
112923,-0.071469191,-0.092760014,-0.062336999
112948,0.384392164,0.406734976,-0.181750379
112950,-0.288144481,-0.318999127,0.060841338
112963,-0.21462574,-0.079896782,0.30513147
112987,0.214017198,0.999083456,-0.179179467
113011,-0.202820951,-0.254598912,0.097493405
113050,0.186232979,0.696762602,0.099738136
113095,-0.06557378,0.121365869,-0.059109251
113101,-0.038543469,-0.039449687,-0.006769592
113116,-0.062136677,-0.031864171,0.053811107
113142,0.187936929,0.696912642,0.100990708
113154,0.064330033,0.149607912,0.047774666
113191,-0.104800288,-0.053236724,0.09288468
113193,0.554216105,0.056498184,-0.175177067
113211,-0.066830459,0.120257872,-0.05997995
113226,-0.184940809,-0.229001661,0.80029517
113240,0.216102949,1,-0.177322149
113265,0.408555688,-0.034929267,-0.200579125
113284,0.998946279,0.214058489,-0.22398386
113288,-0.184462223,0.031193583,-0.001998812
113321,-0.282331339,-0.101050008,0.019125647
113332,-0.218107135,0.004930178,-0.013834741
113344,-0.184462223,0.031193583,-0.001998812
113421,-0.182816047,-0.249884681,0.125404102
113452,-0.189102526,-0.233033316,0.799892891
113462,-0.059957265,-0.068993871,0.025093792
113489,-0.282331339,-0.101050008,0.019125647
113600,-0.281194004,0.145711603,0.021651493
113638,-0.095882919,-0.145941939,0.087979638
113690,-0.048788601,-0.038828879,0.020121504
113695,-0.065368298,-0.070795938,0.058230366
113730,0.047929124,0.800605093,-0.215441061
113754,0.115107181,0.068750506,-0.141547053
113811,-0.140507549,-0.113604127,0.059888712
113913,-0.282331339,-0.101050008,0.019125647
113916,-0.141749474,-0.114749758,0.059146901
114025,-0.156196388,-0.062452355,-0.055053317
114265,-0.030500393,-0.047660682,0.001673606
114325,-0.056685051,-0.094766538,0.068424399
114606,-0.284818905,-0.103038852,0.017847884
114717,-0.095633978,-0.0760883,0.044802026
114932,0.017739337,-0.001113852,-0.017783931
114973,-0.112188936,0.001585193,0.002457808
115171,0.374462857,0.147776065,-0.141868044
115267,-0.27240705,-0.219414264,0.1782847
115365,-0.184462223,0.031193583,-0.001998812
115628,-0.065299221,-0.032488558,-0.000247407
115984,-0.302030349,0.10667539,0.005905042
116149,-0.180114199,0.034455477,0.000508521
116213,-0.08056127,-0.035072455,-0.012451665
116266,-0.183097279,0.032299274,-0.001161413
116418,0.764119277,0.123644858,-0.205609412
116893,-0.299634177,-0.104268371,-0.00778631
116995,-0.299421395,0.108273637,0.007242412
117009,0.184220521,0.695482628,0.098319015
118457,-0.024306427,0.018457453,0.042453296
118927,0.214017198,0.999083456,-0.179179467
119803,-0.146078463,-0.072191066,0.006729389
120737,0.024974016,-0.052686279,-0.064336172
122630,0.182534392,-0.009050635,-0.078174279
125387,0.159029961,0.055130428,-0.112474238
125678,0.4027109,0.819423583,-0.18115875
126285,-0.047782956,-0.016330395,0.004377305
126510,-0.166903704,-0.091029726,-0.00321975
128544,-0.302792177,-0.109586346,0.122116742
131656,0.015246958,0.026466658,-0.020601289
131787,0.160378623,-0.023408632,-0.08229241
132977,-0.053140468,-0.051652792,-0.063074662
133447,-0.158959968,-0.170288504,0.033200812
135859,0.23366438,0.017768053,-0.100343736
135860,0.224988136,0.098806445,-0.112162522
135861,-0.133052705,-0.055678552,0.09407119
135867,0.098863116,0.124878998,-0.15617681
135871,0.11871194,0.01881757,-0.089486724
135885,0.11871194,0.01881757,-0.089486724
135893,0.067271318,-0.005509243,-0.036688363
135922,-0.028711665,0.154013152,-0.147054144
135962,-0.002450854,-0.040158716,-0.061939687
135982,0.22733159,0.100721915,-0.111198111
136054,-0.305325258,-0.108575361,-0.010572343
136136,-0.012017061,0.075874804,-0.03180288
136180,-0.133832816,-0.106799914,0.047345941
136233,-0.058138873,0.120601329,-0.149673869
136246,-0.133052705,-0.055678552,0.09407119
136522,-0.017509549,0.197346514,-0.087461995
136646,-0.038602084,0.004538401,0.009313885
136668,0.225423209,0.101150923,-0.106920238
136825,-0.309126882,-0.150032816,0.061447976
136932,0.027956492,0.06169546,-0.0281478
136982,-0.134952805,-0.107823972,0.04673319
137010,0.226881104,0.100346531,-0.111400755
137015,0.000396245,0.016806409,-0.026055012
137060,0.025655203,-0.015627709,-0.015957635
137062,-0.117287812,-0.09490784,0.075522853
137103,-0.134048348,-0.056592401,0.093425281
137143,0.224988136,0.098806445,-0.112162522
137224,0.226421431,0.099967232,-0.111598529
137457,0.174658994,-0.01800456,-0.109222025
137763,-0.017509549,0.197346514,-0.087461995
137893,0.048406884,-0.025836173,-0.030988307
137905,-0.011040475,0.068698702,-0.024726299
137907,-0.133832816,-0.106799914,0.047345941
137981,-0.066784171,-0.030919432,-0.023528018
138040,0.046612894,0.333541037,-0.092016246
138069,-0.017989984,-0.023351602,-0.018451915
138071,-0.070187973,-0.035157162,0.017962874
138096,0.051475438,-0.023017226,-0.028913145
138128,0.229777416,0.23488943,-0.12072499
138299,-0.082904941,-0.064260862,0.008211106
138409,0.116654189,0.017117329,-0.090496381
138475,-0.033352645,0.186397926,-0.189065413
138479,-0.03806766,0.054587505,-0.026728413
138538,-0.309126882,-0.150032816,0.061447976
138622,-0.014739469,-0.043980466,-0.034467902
138625,-0.021939089,0.192604506,-0.090298295
138765,0.349591578,0.101434326,-0.12133972
138829,-0.054527505,0.003559091,-0.057979073
139162,0.002478993,0.281018478,-0.104966241
139210,-0.28392734,-0.13770523,0.072923211
139340,-0.07790466,-0.057760974,0.057715507
139384,0.117902274,0.018138748,-0.089902307
139388,-0.192958175,-0.106333044,0.067016458
139618,0.046612894,0.333541037,-0.092016246
139693,0.004615958,-0.011033676,-0.081490645
139770,0.217786018,0.999091483,-0.175150067
139913,0.000182983,0.016398492,-0.025867149
140010,-0.034072072,0.148842151,-0.150626529
140114,-0.060355927,-0.034743112,-0.008533123
140140,0.11871194,0.01881757,-0.089486724
140147,-0.064005555,-0.038247282,0.005554373
140262,-0.085048103,-0.047352586,0.013577414
140273,-0.012716539,0.084938383,-0.031108181
140410,0.379052481,0.048796344,-0.151712638
140422,-0.064960039,-0.027828187,0.044281058
140694,0.206150374,0.22849173,-0.217948701
140773,-0.099922007,-0.074452354,0.075325189
140817,-0.016003798,0.198640438,-0.086385614
140819,0.116654189,0.017117329,-0.090496381
140831,-0.020480416,0.194324715,-0.089420263
140962,-0.043263807,-0.049169073,-0.035438568
141176,-0.065147449,-0.028002977,0.044151943
141193,-0.044967834,-0.021632793,-0.006803876
141236,0.028873262,0.062127541,-0.1586979
141426,0.052916738,-0.001073218,-0.024901945
141462,-0.032320698,0.150724674,-0.149595235
141586,-0.023375853,0.190751359,-0.091107113
141799,0.11871194,0.01881757,-0.089486724
141805,-0.217799895,0.396743306,-0.158022709
141829,-0.160289861,-0.051536323,-0.101490905
141869,-0.079003803,-0.058733794,0.05734937
141879,-0.020480416,0.194324715,-0.089420263
141987,-0.061871417,0.117199725,-0.152295384
142170,-0.069613262,0.019955073,-0.07660644
142211,0.065070849,-0.007550853,-0.0381914
142639,0.086727052,0.000826318,-0.039612534
142692,0.119891615,0.019831743,-0.088834376
142747,-0.118104093,-0.095664272,0.075013206
142875,-0.061466673,-0.040321941,-0.017534514
142957,-0.017509549,0.197346514,-0.087461995
142975,0.046612894,0.333541037,-0.092016246
143050,-0.014472846,-0.028932201,-0.030185913
143080,-0.025256258,-0.034798273,-0.029087657
143158,0.086727052,0.000826318,-0.039612534
143169,0.044962588,0.332485973,-0.093360425
143191,-0.064677523,-0.027565405,0.044473767
143222,-0.110795417,-0.084626798,0.034680727
143287,-0.133525353,-0.066993674,0.032595235
143348,0.045701183,-0.020701015,-0.025075642
143618,0.043264298,0.331102388,-0.094616227
143800,0.231353765,0.01608298,-0.101322096
143806,-0.151825598,-0.116592079,0.052032543
143949,0.488340006,0.264064903,-0.171988636
143965,0.11871194,0.01881757,-0.089486724
144009,0.088409327,0.002402907,-0.038444087
144081,-0.096927031,0.126764499,-0.114746602
144083,-0.098875573,-0.049167244,0.020638617
144468,-0.020480416,0.194324715,-0.089420263
144632,0.203385317,0.059470408,-0.111461235
144668,0.117902274,0.018138748,-0.089902307
144734,-0.021939089,0.192604506,-0.090298295
144931,0.108613519,-0.022386486,-0.074443787
145359,-0.077446177,0.012149104,-0.028582744
146235,-0.116194799,-0.056980414,0.025543217
146904,-0.132016968,-0.054748291,0.094687756
146941,-0.071661562,-0.035993087,0.014526797
147123,-0.054955615,-0.032462908,-0.030760098
147453,-0.049168146,-0.058148203,-0.033119983
147976,-0.132016968,-0.054748291,0.094687756
148270,-0.137073919,-0.109777765,0.045461529
148530,-0.086477174,-0.036846176,0.059268901
148642,-0.156917708,-0.079102136,0.028976854
149121,-0.102668326,-0.083424755,0.09256507
149375,-0.303990142,-0.145108571,0.065251714
149407,-0.140280191,-0.075061118,-0.010240353
149550,0.172967549,-0.018070533,-0.10811944
149765,0.23366438,0.017768053,-0.100343736
150384,0.23366438,0.017768053,-0.100343736
150820,-0.080541465,-0.03538712,0.031237309
151255,-0.305810871,-0.108977739,-0.010849609
151328,0.002136981,-0.01245635,0.022406467
152976,-0.134952805,-0.107823972,0.04673319
153611,-0.048986971,-0.038524963,0.009421738
154979,-0.041636856,-0.041794407,-0.005891123
155174,-0.016329768,-0.109585054,-0.056349123
155183,-0.068881215,-0.031971505,0.010144751
155249,-0.020078328,-0.113322624,-0.05904714
155266,-0.063081502,-0.135252204,-0.08838562
155308,0.223901964,0.154738417,-0.111147174
155334,0.193598896,0.05114221,-0.072086824
155339,0.39815585,0.003894918,-0.110516808
155350,0.083147476,0.054661503,-0.065290262
155353,0.003285627,0.065947183,-0.016563751
155368,0.03934488,0.008150668,-0.023614196
155375,-0.057657943,-0.046148192,0.015315749
155438,0.245095761,0.013855771,-0.082953138
155443,-0.057264286,-0.045782051,0.015579682
155565,-0.244623985,-0.199095258,0.131364094
155618,-0.003994608,-0.14669903,-0.12006449
155623,0.118511237,0.071940592,-0.139114606
155628,-0.09487332,-0.100509263,-0.025632533
155647,-0.016571454,-0.039100524,-0.02306997
155674,0.226158146,0.156879685,-0.109411174
155807,-0.082246906,-0.042889593,-0.059821301
156277,0.222803764,0.153729916,-0.111826495
156732,0.225244237,0.15599882,-0.110180636
157189,0.222803764,0.153729916,-0.111826495
157220,-0.065076583,-0.026872664,0.046872567
157307,0.044962588,0.332485973,-0.093360425
157620,0.040029158,0.008775174,-0.023167091
157643,-0.213238344,-0.068363027,-0.082950611
157974,0.226158146,0.156879685,-0.109411174
158087,0.002856116,-0.139648999,-0.114802549
158353,0.220803039,0.151932163,-0.112869989
158374,0.024527869,0.0162099,-0.021494234
158901,-0.070467606,-0.056485962,0.037457407
159125,0.220803039,0.151932163,-0.112869989
159275,-0.09636948,-0.104577583,-0.029250793
159758,-0.131245538,-0.150912363,0.022211032
159763,-0.123019851,-0.068683882,0.011645218
160065,0.026030824,-0.015201638,-0.035960865
160271,-0.090759481,-0.093362632,-0.031541845
160277,-0.076739612,-0.077222871,-0.021724989
160710,0.104713414,-0.160475572,0.047425182
161471,-0.092558639,-0.100578292,-0.035779378
162391,-0.087920479,-0.049644779,0.027442097
162417,-0.058176744,-0.023673258,0.034618786
162455,-0.089015636,-0.028414553,-0.014475539
162456,0.292139076,0.112485205,-0.231957467
162457,-0.070212544,-0.024371875,-0.017392447
162467,-0.121544732,0.353765313,0.030630179
162497,0.983282431,0.20528231,-0.227361021
162502,0.990540278,0.208626723,-0.226714038
162505,0.171165522,-0.028752907,-0.118643426
162506,0.224506042,0.000380534,-0.11561823
162507,-0.005455484,-0.095311013,-0.067874029
162514,0.225809988,0.001394274,-0.114981614
162519,0.990540278,0.208626723,-0.226714038
162525,0.222148372,-0.001303565,-0.116576805
162530,0.983282431,0.20528231,-0.227361021
162611,0.228517082,0.003761635,-0.113320144
162684,0.224506042,0.000380534,-0.11561823
162721,0.300976686,0.449862096,-0.171940141
162738,0.295163426,0.194653278,-0.133540573
162743,0.99288396,0.209851131,-0.226321507
162748,0.22886462,0.004099413,-0.113063062
162756,0.228517082,0.003761635,-0.113320144
162764,0.228517082,0.003761635,-0.113320144
162824,-0.235954669,-0.070585121,0.885169404
162841,-0.020769068,-0.063249057,-0.057037733
162894,0.228517082,0.003761635,-0.113320144
162912,-0.235954669,-0.070585121,0.885169404
162948,0.995783751,0.211560597,-0.225588556
163025,0.996584195,0.212095733,-0.225305818
163039,0.226631895,0.002070746,-0.114531859
163101,-0.235954669,-0.070585121,0.885169404
163162,1,0.216102949,-0.221908295
163177,0.228517082,0.003761635,-0.113320144
163305,0.998956879,0.217685119,-0.219379062
163306,0.995783751,0.211560597,-0.225588556
163315,-0.235954669,-0.070585121,0.885169404
163332,-0.038649417,-0.01516762,-0.055806045
163343,-0.048950606,-0.068165385,-0.029097814
163359,0.228517082,0.003761635,-0.113320144
163365,-0.114395941,-0.0476409,0.008727236
163383,0.230155039,0.005447733,-0.111986762
163388,-0.234027926,-0.068894763,0.885749341
163465,0.226631895,0.002070746,-0.114531859
163490,0.990540278,0.208626723,-0.226714038
163493,0.222148372,-0.001303565,-0.116576805
163544,0.293222862,0.192744982,-0.135288662
163557,0.223590223,-0.00029414,-0.116017091
163633,0.532980302,0.166353915,-0.177216693
163659,-0.024038515,-0.109273532,-0.164780392
163663,0.528849473,0.162280519,-0.180425998
163695,-0.087447303,-0.189922772,0.150532053
163835,-0.085488202,-0.188304741,0.152288643
163839,0.213071804,0.998202777,-0.179831243
163842,0.290771302,0.190500347,-0.136802838
163876,-0.08687418,-0.068218557,0.038921848
163877,0.228517082,0.003761635,-0.113320144
163888,-0.234027926,-0.068894763,0.885749341
163965,0.295163426,0.194653278,-0.133540573
164005,0.224506042,0.000380534,-0.11561823
164220,-0.055599789,-0.023141028,-0.00060675
164250,-0.081183679,-0.184224901,0.155127576
164257,-0.235954669,-0.070585121,0.885169404
164279,-0.237642213,-0.072204382,0.883688923
164440,-0.201767121,-0.107575998,-0.012940395
164489,-0.234027926,-0.068894763,0.885749341
164598,0.068671948,-0.03839428,-0.137637145
164604,-0.237642213,-0.072204382,0.883688923
164927,-0.194218875,-0.154757824,0.0296792
164945,-0.207850094,-0.063505006,0.68198435
164987,0.029889982,-0.078055697,-0.111132883
165143,-0.127448147,0.032480762,-0.164112504
165555,0.113029067,-0.025210412,-0.166732624
165674,-0.098202571,-0.047844692,0.003136771
166040,0.072430475,-0.034568971,-0.134470177
166134,0.116708646,-0.021355665,-0.163405579
167079,-0.026551076,0.121732501,-0.182966639
167114,0.188225393,0.03400777,-0.054808164
167124,0.187558877,0.033319826,-0.055353795
167154,0.182225313,0.028579915,-0.058722755
167186,0.187558877,0.033319826,-0.055353795
167190,0.588590415,0.090396345,-0.157541177
167263,0.892832055,0.100755598,-0.197807431
167265,0.188007194,0.033779228,-0.054991126
167418,0.199853136,0.054035294,-0.116376517
167419,0.199853136,0.054035294,-0.116376517
167425,0.197970295,0.052451061,-0.1173439
167429,0.194840834,0.050001739,-0.118598931
167431,0.198932631,0.053248425,-0.11687317
167433,0.197473693,0.05204862,-0.117569484
167439,0.199853136,0.054035294,-0.116376517
167440,0.197473693,0.05204862,-0.117569484
167443,-0.026161559,0.122161668,-0.182772327
167445,0.194840834,0.050001739,-0.118598931
167446,0.194840834,0.050001739,-0.118598931
167449,0.199853136,0.054035294,-0.116376517
167450,0.203805305,0.057793781,-0.113514575
167458,0.325568687,0.001534721,-0.127014165
167460,0.196966945,0.051643768,-0.11778852
167462,-0.087447303,-0.189922772,0.150532053
167463,0.197473693,0.05204862,-0.117569484
167464,0.03369987,-0.006549719,-0.020495342
167470,0.198932631,0.053248425,-0.11687317
167475,0.197473693,0.05204862,-0.117569484
167487,0.197970295,0.052451061,-0.1173439
167530,-0.085488202,-0.188304741,0.152288643
167592,0.88987071,0.098420938,-0.199373136
167614,-0.037463303,-0.050310383,-0.043179774
167634,-0.114809231,-0.169460457,-0.131162568
167767,0.14512286,-0.032563509,-0.107306606
167810,0.197473693,0.05204862,-0.117569484
167869,-0.158973597,-0.048254845,-0.088049489
168002,0.199853136,0.054035294,-0.116376517
168128,-0.170296374,-0.008429088,-0.04099294
168170,-0.15818049,-0.047470175,-0.087493409
168182,0.057050435,-0.053465926,-0.154704776
168186,-0.084667202,-0.187577706,0.152929527
168273,-0.116927673,0.061599617,-0.032625451
168279,-0.197345151,0.087568684,-0.001521474
168284,-0.264669203,0.292957691,-0.052969217
168457,-0.135960237,0.034981879,-0.006036686
168694,-0.076147334,-0.03656448,-0.017373343
168827,-0.07838372,0.000795377,-0.069398219
168898,-0.079099944,-0.029969144,-0.027028219
168970,-0.234027926,-0.068894763,0.885749341
169260,-0.206309384,-0.054546669,-0.128442654
169311,-0.060238245,0.261298226,-0.018469179
169314,-0.222122701,-0.108587223,0.05713119
169379,-0.083397333,-0.186402873,0.153822964
169417,-0.185363499,-0.101165552,0.049136079
169463,-0.085488202,-0.188304741,0.152288643
170599,-0.157036678,-0.061440423,-0.055035206
170982,-0.026776554,-0.11305448,-0.052132333
170983,0.984890723,0.205982569,-0.22726957
170984,0.139490938,-0.003991865,-0.072958691
171001,-0.221908295,-0.177322149,1
171003,-0.048654543,0.127065275,-0.146748912
171062,-0.097534335,-0.117976837,0.050835426
171246,-0.226666291,-0.181776209,0.996082695
171256,0.06927743,-0.16228911,-0.144603774
171266,0.213857686,0.036092389,-0.072096653
171317,-0.115581207,0.033284831,-0.148885987
171369,-0.100466549,-0.04502761,0.021008218
171399,-0.221908295,-0.177322149,1
171438,0.216102949,1,-0.177322149
171488,-0.075164082,0.022246182,-0.053960717
171552,-0.041896546,-0.017783938,0.000131946
171639,-0.223809598,-0.179074606,0.999499942
171675,-0.093366623,-0.114124734,0.053859717
171934,-0.262943451,0.293650465,-0.051999962
172038,-0.114125523,-0.051049065,-0.011543066
172065,-0.007255612,-0.021084807,0.043735963
172117,0.602441839,0.023104738,-0.161839889
172209,0.154823257,0.073838786,-0.059298371
172220,0.766625546,0.125197806,-0.204857767
172833,-0.050256067,-0.066231756,-0.029304484
172861,-0.087289817,-0.05152595,-0.069279186
173112,0.153067787,0.021024015,-0.175894012
173232,-0.071690055,0.025523331,-0.051568103
173289,-0.004661951,-0.050119045,-0.050745273
173331,-0.308694009,-0.113231029,0.0912427
173413,-0.010470358,-0.055403767,-0.054609377
173765,-0.153152628,-0.058269298,-0.052641452
174121,-0.022398343,-0.066456301,-0.032716683
174177,0.398727861,0.018949214,-0.14151307
174184,0.322007272,0.144800176,-0.156861335
174248,-0.085488202,-0.188304741,0.152288643
174274,0.24768514,-0.082438573,-0.175141398
174323,0.330622601,0.151870009,-0.153276464
174330,0.390775092,0.014681001,-0.143278456
174333,0.325382174,0.147380324,-0.155918064
174372,0.589125643,0.092300606,-0.155447163
174403,-0.21697432,-0.179411762,0.187928552
174466,-0.224096363,-0.061538959,0.879225259
174509,0.88518448,0.095901753,-0.200545445
174544,0.052721375,-0.031524026,-0.056375697
174545,0.327170261,0.14882434,-0.155230789
174568,-0.146677033,-0.055577396,0.25284009
174586,-0.076924367,-0.106434201,0.20411508
174651,0.187976159,0.037306739,-0.085633554
174682,0.453657329,0.014719165,-0.172590948
174689,0.214017198,0.999083456,-0.179179467
174800,0.324090433,0.146373636,-0.156325703
174867,0.318162601,0.142018115,-0.157553035
174901,-0.218833727,-0.181130444,0.186875699
174906,0.325382174,0.147380324,-0.155918064
175454,0.498069766,0.131382836,-0.243426914
175514,0.878826566,0.093215465,-0.201323461
175540,-0.087447303,-0.189922772,0.150532053
175542,0.211537154,0.99633279,-0.180709343
175550,0.886257578,0.096419556,-0.200342597
175682,-0.21697432,-0.179411762,0.187928552
175684,-0.118743598,-0.095198231,0.072032815
175701,-0.048807537,-0.049717633,-0.025660619
175704,-0.234027926,-0.068894763,0.885749341
175754,0.395927319,-0.040651683,-0.147999329
175814,0.404206578,0.023145038,-0.138816321
175840,0.007002821,0.001447936,-0.031160581
175908,0.045610637,0.79805282,-0.216910261
176059,-0.104766126,-0.243162684,-0.128556727
176060,-0.165707447,-0.132968731,0.036123747
176112,-0.212900101,-0.110209539,0.068529281
176135,-0.085488202,-0.188304741,0.152288643
176205,-0.130464989,-0.052782183,0.010338023
176251,-0.111343691,-0.022239723,0.056358697
176262,-0.085488202,-0.188304741,0.152288643
176380,-0.083397333,-0.186402873,0.153822964
176430,-0.051207798,-0.053808422,0.016000198
176591,-0.085488202,-0.188304741,0.152288643
177418,-0.139697169,-0.161079924,0.031918667
178374,-0.098910768,-0.237350167,-0.124386376
178378,-0.19130126,-0.156086031,0.106532164
179012,0.249009552,-0.049848127,-0.20320742
179016,0.395139095,-0.054070904,-0.223185025
179021,0.995783751,0.211560597,-0.225588556
179024,0.983282431,0.20528231,-0.227361021
179027,0.208677711,0.991769089,-0.181904458
179034,0.081481424,0.014129183,-0.057671
179039,-0.211000234,-0.173730337,0.243719273
179040,0.983282431,0.20528231,-0.227361021
179043,0.250956416,-0.048801241,-0.202887589
179044,-0.085488202,-0.188304741,0.152288643
179047,0.974112405,0.201559799,-0.227539022
179050,0.195092915,0.053567854,-0.083119566
179053,0.995783751,0.211560597,-0.225588556
179054,0.99288396,0.209851131,-0.226321507
179058,0.250956416,-0.048801241,-0.202887589
179059,0.252781499,-0.047723631,-0.202459949
179060,0.07889383,0.011801101,-0.045334618
179061,0.381451183,0.416685402,-0.242142635
179063,0.062156219,0.042941575,-0.035315004
179069,0.284400043,0.185057784,-0.13910467
179080,0.250956416,-0.048801241,-0.202887589
179084,0.008002931,0.113456923,-0.023260453
179131,0.322802008,0.027410043,-0.209380994
179266,0.209279028,0.992824859,-0.181692382
179386,0.0008299,0.267609601,-0.046566769
179397,-0.203962838,-0.105947953,-0.0083362
179508,-0.202170466,-0.104532152,-0.007502647
179545,0.256541821,-0.045097489,-0.201039631
179634,0.249671735,-0.049502654,-0.203112722
179667,-0.236658704,-0.071241641,0.884685117
179690,-0.258250821,0.071248048,0.000974172
179705,0.208677711,0.991769089,-0.181904458
179805,0.245508118,-0.05152157,-0.203504466
179855,0.256541821,-0.045097489,-0.201039631
179958,0.045610637,0.79805282,-0.216910261
180028,-0.133832816,-0.106799914,0.047345941
180037,-0.012429714,0.042978178,-0.043307117
180083,0.250956416,-0.048801241,-0.202887589
180089,0.209279028,0.992824859,-0.181692382
180152,-0.265657296,-0.000860051,-0.02087983
180233,-0.242987333,0.078527998,0.007503159
180260,0.246233118,-0.051194191,-0.203468362
180268,-0.002878159,0.039546248,-0.085749559
180275,-0.085488202,-0.188304741,0.152288643
180300,-0.042205854,-0.053351137,-0.043343814
180330,0.236876721,-0.06635929,-0.157151661
180360,-0.085488202,-0.188304741,0.152288643
180405,-0.075300029,-0.060764025,0.045056146
180681,-0.113204504,0.010408665,-0.002944269
180707,0.997933655,0.213112955,-0.224682913
180712,-0.045573633,-0.08237601,-0.065808989
180750,-0.060238245,0.261298226,-0.018469179
180799,0.576747939,0.576848173,-0.192666902
180923,-0.256567984,0.072402707,0.001895789
181062,-0.139620971,-0.113556056,-0.053431238
181199,0.208677711,0.991769089,-0.181904458
181203,0.205459825,0.98544285,-0.182763017
181280,0.238565278,-0.065493154,-0.156778598
181447,-0.085488202,-0.188304741,0.152288643
181492,0.331086883,0.000103121,-0.13227177
181495,-0.132316132,-0.054458223,0.00913605
181762,0.658449066,0.099566446,-0.181519545
182081,0.250956416,-0.048801241,-0.202887589
182169,0.250320752,-0.049153677,-0.203006127
182277,-0.087066396,-0.189622116,0.150900696
182294,0.237896647,0.049818305,-0.125445097
182386,-0.081183679,-0.184224901,0.155127576
182711,0.252186962,-0.048086169,-0.202614531
182743,0.522809444,0.187692046,-0.170894098
182850,-0.09477997,-0.055439793,0.019112516
183184,0.250956416,-0.048801241,-0.202887589
183229,0.983282431,0.20528231,-0.227361021
183289,-0.217900612,0.38316688,-0.156391456
183379,0.248334397,-0.050190055,-0.203290272
183463,-0.110757989,-0.221431594,-0.023795085
183479,0.210995031,0.995563891,-0.180975284
183620,0.209865804,0.993809543,-0.181466822
183771,0.214017198,0.999083456,-0.179179467
183952,0.166215904,0.313547518,-0.164041062
184116,0.249009552,-0.049848127,-0.20320742
184122,0.454892998,-0.099317644,-0.22330969
184423,-0.263915234,0.000963911,-0.019548792
184452,0.244771192,-0.05184523,-0.203529068
184497,-0.044607233,-0.080714146,0.046213997
184532,-0.082526046,-0.185564258,0.154372688
184540,0.262098695,-0.03903048,-0.196036317
184541,0.296586648,0.196217788,-0.131569337
184600,0.078875755,0.011908829,-0.059080145
184631,-0.089267468,-0.191253053,0.14856353
184678,-0.242705746,-0.096653737,0.00912268
184745,0.252186962,-0.048086169,-0.202614531
184814,0.152920468,0.027888612,-0.083647453
184822,0.209865804,0.993809543,-0.181466822
184870,-0.212320865,-0.073917567,0.072810286
185009,0.216102949,1,-0.177322149
185198,-0.207614967,-0.070288395,0.074711067
185244,0.295163426,0.194653278,-0.133540573
185248,-0.081183679,-0.184224901,0.155127576
185481,0.330160097,0.026119013,-0.218503629
185744,-0.20221359,-0.066456007,0.076304664
185866,-0.113720783,0.070916414,0.16564666
185917,-0.083397333,-0.186402873,0.153822964
186079,0.149942996,0.016894492,-0.180855244
186159,-0.158045582,-0.180253982,-0.091651587
186843,-0.050790036,0.222881949,-0.064457088
187359,0.18443322,-0.099150259,-0.168909966
187681,-0.231868864,-0.06713875,0.885430811
187963,-0.056121248,-0.055698415,-0.016979829
188120,-0.133401658,-0.107721381,-0.034602417
188472,-0.07162978,0.078414911,-0.070830872
189080,-0.167635109,-0.067889672,0.011446894
189939,-0.113252752,-0.038428787,0.0203435
190485,-0.226153353,-0.068352647,0.418275387
190621,0.107078476,0.028158217,-0.114083675
191270,-0.197171426,0.233483551,0.04205847
192337,-0.193059986,-0.157700204,0.244233658
192341,0.496439033,0.108397746,-0.151382172
192356,-0.080266162,-0.183278838,0.155584019
192359,-0.143786363,-0.077670257,0.010237691
192385,0.214017198,0.999083456,-0.179179467
192413,0.48108326,0.002112508,-0.135545777
192489,0.216102949,1,-0.177322149
192497,-0.083397333,-0.186402873,0.153822964
192503,0.528849473,0.162280519,-0.180425998
192515,-0.066136376,-0.01654111,0.144576405
192560,-0.06677679,-0.050475265,0.039888678
192584,0.165115589,0.312278831,-0.164373089
192597,0.287823067,0.187932079,-0.13807596
192645,-0.077635598,-0.120068065,-0.020549423
192666,-0.082540882,-0.134164273,0.051150614
192711,-0.18853129,-0.153465887,0.13503751
192749,-0.041264546,-0.05320064,-0.008208247
192782,-0.11143055,0.036749348,-0.145826705
193031,0.208062039,0.99064273,-0.182103054
193172,-0.071168389,-0.088442256,0.020412093
193203,-0.097547495,-0.133936051,0.019677299
193214,0.525479139,0.159845468,-0.18158205
193263,-0.107160485,-0.145499606,0.064271692
193347,0.393835486,-0.084916834,-0.133103361
193349,-0.045520012,-0.099760215,0.005138257
193352,-0.116589965,-0.059008376,-0.122607675
193371,-0.046845137,-0.052257008,0.005117459
193478,0.451088721,-0.101604069,-0.224637359
193482,-0.224163252,-0.179403842,0.999279808
193483,-0.221908295,-0.177322149,1
193484,-0.223809598,-0.179074606,0.999499942
193485,-0.221908295,-0.177322149,1
193486,-0.223809598,-0.179074606,0.999499942
193487,-0.223809598,-0.179074606,0.999499942
193488,0.050163167,0.801772055,-0.21360058
193489,-0.221908295,-0.177322149,1
193494,-0.225487698,-0.180648567,0.997999462
193499,-0.221908295,-0.177322149,1
193530,-0.219790415,-0.175397189,0.999502338
193552,-0.054397205,-0.038600263,-0.021403513
193580,-0.122127907,-0.037867068,0.051852593
193598,-0.048117134,-0.027569817,0.005492101
193699,0.891856686,0.09984487,-0.198480575
193719,-0.067909671,-0.052583174,0.039730461
193731,-0.041832216,-0.02006142,0.008343179
193764,0.660348727,0.024512713,-0.185812128
193765,-0.047942743,-0.002862263,-0.010833321
193775,0.010424842,-0.016725581,-0.061110576
193783,0.660348727,0.024512713,-0.185812128
193835,-0.09654409,-0.027208241,0.056612884
193855,-0.136513245,-0.200636161,0.483321155
193856,0.018229958,0.02421237,-0.028454847
193910,-0.136513245,-0.200636161,0.483321155
193914,-0.305325258,-0.108575361,-0.010572343
193941,0.160827586,0.176397162,-0.171240922
194093,-0.120963288,-0.036830886,0.052565516
194113,0.208191805,-0.127597163,-0.211633426
194117,-0.014954069,-0.054143619,-0.036273726
194299,0.79910876,0.018421699,-0.139119904
194341,-0.03986102,-0.008452633,-0.069845581
194479,-0.095765215,-0.026478018,0.057156933
194594,-0.096732209,-0.030702418,-0.013502341
194674,-0.090415651,-0.025073681,-0.009384842
194769,-0.090415651,-0.025073681,-0.009384842
194776,-0.048117134,-0.027569817,0.005492101
194820,-0.033356543,-0.020131863,-0.020921509
194848,-0.01002471,0.079756522,-0.104741677
194946,0.213552348,0.998679811,-0.179511951
195049,-0.033687098,0.281582039,-0.133843758
195069,0.525479139,0.159845468,-0.18158205
195170,0.208677711,0.991769089,-0.181904458
195262,-0.203169768,-0.163376155,0.060682439
195263,0.521271462,0.157164017,-0.182435071
195300,0.040379859,0.05256071,-0.039664019
195407,0.213071804,0.998202777,-0.179831243
195459,0.528849473,0.162280519,-0.180425998
195476,-0.128342171,0.088574242,0.003572945
195548,0.530457746,0.163616753,-0.179587495
195560,0.089817684,-0.113498059,-0.122932667
195607,-0.097327754,-0.044278033,0.02995828
195646,-0.262943451,0.293650465,-0.051999962
195679,0.032343181,-0.00579026,-0.029611519
195821,-0.125339513,-0.040888732,0.049592858
195831,0.056849274,-0.035496388,-0.041350158
195869,0.100478292,0.014088444,-0.032004621
195882,0.017040165,0.222075156,-0.161652114
195939,-0.105409522,-0.020095904,0.009243636
195958,-0.03362437,0.293587411,-0.141925634
196087,-0.116045968,-0.094093795,0.172055676
196091,-0.082040566,-0.024280843,-0.008848674
196197,-0.226765112,-0.063489398,0.077877035
196249,-0.085488202,-0.188304741,0.152288643
196255,-0.085737119,-0.0474726,0.009233593
196273,0.019160838,0.223835392,-0.160008011
196313,-0.328594259,-0.116802992,0.100658218
196323,-0.269976539,-0.081870147,0.607822768
196531,-0.090415651,-0.025073681,-0.009384842
196602,-0.095715069,-0.061104934,-0.048460245
196626,-0.131243215,-0.065064701,-0.155253901
196663,-0.125339513,-0.040888732,0.049592858
196687,-0.071133263,-0.03603359,0.017323008
196710,-0.203284704,0.228727572,0.038249712
196718,-0.056777485,-0.03343589,-0.004445563
196838,-0.031549837,-0.037227672,0.013750947
196894,0.010555654,0.214828092,-0.165111255
196920,0.24723306,-0.178874962,-0.16844967
196946,-0.121544732,0.353765313,0.030630179
196988,0.118302346,-0.019398746,-0.161426499
197511,-0.202151805,0.229952619,0.039102032
197580,-0.201660198,-0.06311608,-0.078222123
197673,0.050753368,-0.017126854,-0.040157901
197701,-0.219790415,-0.175397189,0.999502338
197934,-0.226054629,-0.062799335,0.078409904
198014,-0.204194442,-0.275902379,0.099657589
198061,-0.123019851,-0.068683882,0.011645218
198088,0.094759445,-0.011697497,-0.119571356
198090,-0.110162574,0.361891311,0.037862507
198479,-0.085423789,-0.067188672,0.040191688
198580,-0.09699176,-0.040992681,0.039501197
198885,-0.085423789,-0.067188672,0.040191688
199204,-0.185672251,-0.150856062,0.136335761
199306,-0.176621757,-0.142455323,0.12589391
199360,-0.124317311,-0.039897176,0.050365411
199408,-0.100167668,-0.050369974,0.019753281
199481,0.045672963,0.055422716,-0.029217923
199533,-0.079800899,-0.182790184,0.155798137
199885,-0.121434579,-0.037246921,0.052282883
200139,-0.102929549,-0.24149975,-0.12731076
